Season,Name,Tm,PA,BB%,K%,BB/K,AVG,OBP,SLG,OPS,ISO,BABIP,wRC,wRAA,wOBA,wRC+,playerId
2019,"Todd Frazier","NYM",63,0.03174603,0.26984127,0.11764706,0.23728814,0.28571429,0.3559322,0.64164649,0.11864406,0.3,5.6162443344470505,-2.312816795242166,0.2774672574467129,78.65060468849562,785
2019,"Albert Pujols","LAA",103,0.11650485,0.13592233,0.85714286,0.21590909,0.31067961,0.375,0.68567961,0.15909091,0.21917808,10.816916188713153,-2.146469467762868,0.2958287301572781,86.86165439479437,1177
2019,"Wilson Ramos","NYM",81,0.08641975,0.17283951,0.5,0.28378378,0.34567901,0.43243243,0.77811144,0.14864865,0.31578947,10.16914031845032,-0.02536684829295956,0.3195747565000485,106.22976729805413,1433
2019,"Miguel Cabrera","DET",107,0.10280374,0.1682243,0.61111111,0.35789474,0.42056075,0.42105263,0.84161338,0.06315789,0.43589744,17.514309911636083,4.047491802481382,0.3636974883529375,125.80943345589634,1744
2019,"David Peralta","ARI",105,0.07619048,0.20952381,0.36363636,0.28421053,0.34285714,0.48421053,0.82706767,0.2,0.32857143,15.337240457212843,2.122138574397482,0.343318094427769,109.85435813481234,2136
2019,"Edwin Encarnacion","SEA",113,0.10619469,0.18584071,0.57142857,0.28282828,0.37168142,0.55555556,0.92723698,0.27272728,0.28571429,20.721203887987595,6.499237099814876,0.3864740782079443,151.08943118019394,2151
2019,"Carlos Santana","CLE",123,0.17886179,0.16260163,1.1,0.28,0.41463415,0.51,0.92463415,0.23,0.2972973,22.78832451237827,7.307776592508848,0.38866914993475293,136.6737614489569,2396
2019,"Nelson Cruz","MIN",76,0.09210526,0.28947368,0.31818182,0.29850746,0.36842105,0.53731343,0.90573448,0.23880597,0.39534884,12.978773310220872,3.4135567093259422,0.37189751068751015,131.73571606832712,2434
2019,"Yonder Alonso","CHW",113,0.08849558,0.22123894,0.4,0.19,0.26548673,0.33,0.59548673,0.14,0.20547945,7.380007284489406,-6.8419595036833165,0.24989134449142594,55.274058423720184,2530
2019,"Roberto Perez","CLE",68,0.19117647,0.29411765,0.65,0.20754717,0.36764706,0.32075472,0.68840178,0.11320755,0.28125,8.249638084258578,-0.3087136112789902,0.31468503089512095,86.65216851301547,2900
2019,"Tommy Pham","TBR",124,0.16935484,0.20967742,0.80769231,0.32352941,0.44354839,0.50980392,0.95335231,0.18627451,0.40277778,24.795120059350033,9.188714026310938,0.405663040595326,163.37452169844192,2967
2019,"Mitch Moreland","BOS",75,0.10666667,0.14666667,0.72727273,0.21538462,0.29333333,0.55384615,0.84717948,0.33846153,0.16,10.744083656630336,1.3047251689050792,0.3400621128082275,103.10014192997782,3086
2019,"Robinson Chirinos","HOU",81,0.17283951,0.20987654,0.82352941,0.25396825,0.4125,0.50793651,0.92043651,0.25396826,0.28571429,15.278173448404772,5.083666281661492,0.392542877048254,154.1513480336254,3142
2019,"Shin-Soo Choo","TEX",120,0.1,0.21666667,0.46153846,0.32075472,0.4,0.58490566,0.98490566,0.26415094,0.38666667,24.09673135093453,8.993757770574117,0.4066411036403239,139.04134580995697,3174
2019,"Welington Castillo","CHW",56,0.07142857,0.375,0.19047619,0.14,0.23214286,0.32,0.55214286,0.18,0.18518519,3.2026457270906974,-3.8454086104108285,0.24049802124500275,48.92311449348839,3256
2019,"Robinson Cano","NYM",60,0.11666667,0.15,0.77777778,0.30188679,0.38333333,0.41509434,0.79842767,0.11320755,0.34883721,8.986975585743876,1.4354887955636702,0.3476146241029104,124.59504867442594,3269
2019,"Martin Prado","MIA",65,0.04615385,0.15384615,0.3,0.25806452,0.29230769,0.30645161,0.5987593,0.04838709,0.30769231,4.921826971074903,-3.258950384953653,0.2619349323786222,66.34813667248719,3312
2019,"Ryan Braun","MIL",95,0.07368421,0.18947368,0.38888889,0.31818182,0.36842105,0.57954545,0.9479665,0.26136363,0.34375,17.957181481312084,6.000660730193423,0.3930097121941416,141.37770837171269,3410
2019,"Jeff Mathis","TEX",54,0.07407407,0.25925926,0.28571429,0.16326531,0.22222222,0.26530612,0.48752834,0.10204081,0.2,1.7874867275393704,-5.008851383622815,0.21263108981980217,7.868736568940175,3448
2019,"Anthony Rizzo","CHC",123,0.10569106,0.1300813,0.8125,0.32692308,0.43089431,0.63461538,1.06550969,0.3076923,0.325,28.06002708045733,12.57947916058791,0.43825128772219674,173.6132042838826,3473
2019,"Eric Hosmer","SDP",129,0.07751938,0.18604651,0.41666667,0.27118644,0.33333333,0.40677966,0.74011299,0.13559322,0.31868132,15.753543171893776,-0.4821534269936673,0.3156131566502154,98.25092369597192,3516
2019,"Eric Thames","MIL",79,0.12658228,0.37974684,0.33333333,0.23188406,0.32911392,0.42028986,0.74940378,0.1884058,0.34285714,10.088363548335483,0.1455726079315445,0.3220687795288955,94.91350219384479,3711
2019,"Josh Reddick","HOU",109,0.10091743,0.12844037,0.78571429,0.25263158,0.32407407,0.30526316,0.62933723,0.05263158,0.2804878,9.583645807711948,-4.134888527782094,0.27605198309800333,75.39039022858735,3892
2019,"Melky Cabrera","PIT",72,0.06944444,0.09722222,0.71428571,0.32835821,0.375,0.41791045,0.79291045,0.08955224,0.36666667,10.165712188287278,1.1039280400710303,0.33767435920070593,110.50227772938655,4022
2019,"Dexter Fowler","STL",99,0.1010101,0.23232323,0.43478261,0.27380952,0.38383838,0.45238095,0.83621933,0.17857143,0.34482759,16.01990400969342,3.559950805896079,0.361536564851048,129.3744170513651,4062
2019,"Michael Brantley","HOU",121,0.07438017,0.08264463,0.9,0.35135135,0.40495868,0.58558559,0.99054427,0.23423424,0.34736842,24.781590019680262,9.55275832615018,0.41126903196175896,166.8123367768575,4106
2019,"Howie Kendrick","WSN",70,0.07142857,0.15714286,0.45454545,0.4,0.44285714,0.70769231,1.15054945,0.30769231,0.42857143,18.103007475677934,9.292939553801029,0.47351700408118114,191.9371303093987,4229
2019,"Joey Votto","CIN",119,0.1512605,0.21008403,0.72,0.25252525,0.37815126,0.34343434,0.7215856,0.09090909,0.32876712,15.250246901505495,0.2731314343147528,0.3225922928018085,92.71468160900382,4314
2019,"Daniel Murphy","COL",69,0.10144928,0.11594203,0.875,0.26229508,0.33333333,0.37704918,0.71038251,0.1147541,0.2962963,7.875824398561441,-0.808385410145796,0.3063836322314497,58.26461090948957,4316
2019,"Starlin Castro","MIA",120,0.05833333,0.125,0.46666667,0.21621622,0.25833333,0.30630631,0.56463964,0.09009009,0.22916667,7.153473327125159,-7.949500253235254,0.24330013046662013,54.14289428853457,4579
2019,"Russell Martin","LAD",51,0.09803922,0.23529412,0.41666667,0.28888889,0.37254902,0.33333333,0.70588235,0.04444444,0.39393939,6.291615097570296,-0.12714867408287917,0.31705287858551623,102.04663954834857,4616
2019,"Curtis Granderson","MIA",83,0.09638554,0.26506024,0.36363636,0.16901408,0.26506024,0.36619718,0.63125742,0.1971831,0.17021277,6.828772830632437,-3.6174505624501823,0.2695169190326369,71.31411298396823,4747
2019,"Jarrod Dyson","ARI",79,0.10126582,0.24050633,0.42105263,0.2,0.29113924,0.25714286,0.5482821,0.05714286,0.26,5.238691620661326,-4.704099319742612,0.25105138594591164,49.4224015028903,4866
2019,"Mike Moustakas","MIL",108,0.09259259,0.2037037,0.45454545,0.26530612,0.33333333,0.56122449,0.89455782,0.29591837,0.27536232,18.10964973386525,4.51697351154088,0.36832121511300403,125.20747525661235,4892
2019,"Ender Inciarte","ATL",60,0.08333333,0.21666667,0.38461538,0.25925926,0.33333333,0.42592593,0.75925926,0.16666667,0.30769231,7.836738812069212,0.28525202188900656,0.32543697754542034,96.97756018200462,4922
2019,"Jason Heyward","CHC",108,0.16666667,0.14814815,1.125,0.21590909,0.35185185,0.42045455,0.7723064,0.20454546,0.2173913,13.855342830402098,0.2626666080777247,0.32275063878013976,97.96370596892191,4940
2019,"Asdrubal Cabrera","TEX",112,0.11607143,0.20535714,0.56521739,0.25,0.33928571,0.57291667,0.91220238,0.32291667,0.22727273,19.064967694325702,4.9688590193226485,0.3712607686008726,115.12025652412494,4962
2019,"Josh Donaldson","ATL",110,0.2,0.28181818,0.70967742,0.24137931,0.4,0.45977011,0.85977011,0.2183908,0.32692308,18.757263085379062,4.912870636715349,0.37160510420799253,127.21631340249321,5038
2019,"Alex Gordon","KCR",113,0.09734513,0.12389381,0.78571429,0.29473684,0.38938053,0.50526316,0.89464369,0.21052632,0.30379747,19.79016579862312,5.5681990104504,0.3769424199003034,133.18191515589163,5209
2019,"Justin Turner","LAD",103,0.06796117,0.16504854,0.41176471,0.31111111,0.38834951,0.52222222,0.91057173,0.21111111,0.33333333,18.63522208350434,5.671836427028315,0.3836409374348168,145.65984252042665,5235
2019,"Robbie Grossman","OAK",102,0.08823529,0.2254902,0.39130435,0.1827957,0.25490196,0.2688172,0.52371916,0.0860215,0.23188406,5.202706639624883,-7.634820903681468,0.23334497622415132,46.69366870574897,5254
2019,"Francisco Cervelli","PIT",55,0.12727273,0.18181818,0.7,0.23913043,0.35185185,0.2826087,0.63446055,0.04347827,0.30555556,5.63191607101256,-1.2902801533192962,0.2927976162345321,81.10934251649776,5275
2019,"Brandon Crawford","SFG",99,0.1010101,0.26262626,0.38461538,0.17045455,0.26262626,0.23863636,0.50126262,0.06818181,0.21666667,4.393037628751953,-8.066915575045387,0.22567176697205524,41.96842683740357,5343
2019,"Freddie Freeman","ATL",135,0.13333333,0.18518519,0.72,0.26956522,0.37777778,0.56521739,0.94299517,0.29565217,0.27160494,25.105938497785587,8.115093219880125,0.3894777738336307,138.92238175027236,5361
2019,"Pablo Sandoval","SFG",59,0.05084746,0.30508475,0.16666667,0.26785714,0.30508475,0.51785714,0.82294189,0.25,0.36111111,8.424040946065395,0.9984122690548576,0.3395136544259928,116.53148559077043,5409
2019,"Jose Altuve","HOU",77,0.14285714,0.11688312,1.22222222,0.25,0.36363636,0.5,0.86363636,0.25,0.21568627,12.533017685382294,2.8419429713176942,0.362634712225431,133.93006182182515,5417
2019,"Ji-Man Choi","TBR",97,0.11340206,0.22680412,0.5,0.29761905,0.39175258,0.46428571,0.85603829,0.16666666,0.37288136,16.226302311638374,4.018065334180372,0.36785792321273963,137.81400658851405,5452
2019,"Austin Romine","NYY",50,0.02,0.24,0.08333333,0.1875,0.20408163,0.20833333,0.41241496,0.02083333,0.25,0.2833945972073454,-6.00951106127616,0.18089422157832555,5.000013413297898,5491
2019,"Marwin Gonzalez","MIN",92,0.13043478,0.25,0.52173913,0.25316456,0.35869565,0.4556962,0.81439185,0.20253164,0.30769231,13.851164211446118,2.272217799836467,0.3485091127779173,115.9225262264535,5497
2019,"Hernan Perez","MIL",55,0.03636364,0.36363636,0.1,0.30188679,0.32727273,0.47169811,0.79897084,0.16981132,0.4516129,7.6818375834452075,0.7596413591133515,0.33591515909541736,103.98247000727574,5751
2019,"Avisail Garcia","TBR",109,0.08256881,0.22018349,0.375,0.29591837,0.36697248,0.57142857,0.93840105,0.2755102,0.32835821,19.967937434114233,6.249403098620193,0.38626422539905264,150.25873888202784,5760
2019,"Wilmer Flores","ARI",63,0.06349206,0.12698413,0.5,0.28070175,0.34920635,0.40350877,0.75271512,0.12280702,0.3125,8.288179633998853,0.3591185043096363,0.3265314717141409,98.85961829291274,5827
2019,"Leury Garcia","CHW",117,0.05982906,0.1965812,0.30434783,0.33009709,0.3826087,0.4368932,0.8195019,0.10679611,0.4,17.92546825515863,3.2000690143072266,0.35157825013865596,124.02585363637193,5913
2019,"Nick Markakis","ATL",121,0.1322314,0.14876033,0.88888889,0.30097087,0.38842975,0.46601942,0.85444917,0.16504855,0.34117647,19.73495050646213,4.506118812932051,0.3630191368504989,121.59275951693134,5930
2019,"Jean Segura","PHI",117,0.05128205,0.15384615,0.33333333,0.32110092,0.36752137,0.49541284,0.86293421,0.17431192,0.36363636,19.215811955064467,4.490412714213065,0.36433673210633105,123.95898756006143,5933
2019,"Eduardo Escobar","ARI",118,0.08474576,0.22881356,0.37037037,0.30188679,0.36440678,0.64150943,1.00591621,0.33962264,0.34246575,23.744547882095155,8.893290528074079,0.4071256962873168,151.6464442708574,6153
2019,"J.D. Martinez","BOS",107,0.07476636,0.1588785,0.47058824,0.28125,0.34579439,0.5625,0.90829439,0.28125,0.28378378,17.87938403478163,4.412565925626928,0.3676445756639753,121.74899180547409,6184
2019,"Ian Kinsler","SDP",102,0.05882353,0.18627451,0.31578947,0.21052632,0.26470588,0.41052632,0.6752322,0.2,0.21126761,9.688840373600604,-3.148687169705748,0.2842254919164321,77.69293452328697,6195
2019,"Adam Jones","ARI",118,0.06779661,0.13559322,0.5,0.27358491,0.34188034,0.47169811,0.81357845,0.1981132,0.28235294,17.377702573943026,2.526445219921953,0.3447059856520759,110.76338570994938,6368
2019,"Freddy Galvis","TOR",90,0.04444444,0.32222222,0.13793103,0.24418605,0.27777778,0.39534884,0.67312662,0.15116279,0.33333333,8.584115633800693,-2.743114551469617,0.284677165084415,75.12589805781245,6609
2019,"Ian Desmond","COL",97,0.11340206,0.24742268,0.45833333,0.25882353,0.34020619,0.45882353,0.79902972,0.2,0.33333333,13.572950873143622,1.364713895685622,0.33621311249192226,77.80203548130153,6885
2019,"Martin Maldonado","KCR",77,0.07792208,0.19480519,0.4,0.23880597,0.32894737,0.32835821,0.65730558,0.08955224,0.29411765,7.94739914895217,-1.743675565112428,0.29373987803333684,76.9276306617347,6887
2019,"Yadier Molina","STL",104,0,0.05769231,0,0.33,0.32692308,0.5,0.82692308,0.17,0.31914894,14.929614312331672,1.8403705426859824,0.34040863181536013,115.53624774909824,7007
2019,"Logan Forsythe","TEX",65,0.18461538,0.18461538,1,0.22641509,0.36923077,0.30188679,0.67111756,0.0754717,0.275,7.610178252424681,-0.5705991036038763,0.3097816467285156,73.55344937310919,7185
2019,"Carlos Gonzalez","2 Tms",70,0.11428571,0.25714286,0.44444444,0.21666667,0.31428571,0.21666667,0.53095238,0,0.30232558,4.618426694662284,-4.191641227214624,0.2506638067109244,43.62015664054454,7287
2019,"Neil Walker","MIA",85,0.11764706,0.24705882,0.47619048,0.24324324,0.34117647,0.35135135,0.69252782,0.10810811,0.31372549,9.759546630251567,-0.9383929891703912,0.3071654509095585,95.9727843842711,7539
2019,"Mark Reynolds","COL",59,0.16949153,0.30508475,0.55555556,0.15217391,0.3220339,0.39130435,0.71333825,0.23913044,0.15384615,6.9555981290589095,-0.4700305479516269,0.31072081549692965,61.10533727024102,7619
2019,"Miguel Rojas","MIA",102,0.07843137,0.1372549,0.57142857,0.28888889,0.35294118,0.36666667,0.71960785,0.07777778,0.33333333,11.625791141884935,-1.2117364014214158,0.3061938637495041,95.33642362006235,7802
2019,"Charlie Blackmon","COL",92,0.13043478,0.15217391,0.85714286,0.3974359,0.47826087,0.87179487,1.35005574,0.47435897,0.40350877,28.399283186160208,16.820336774550558,0.5314448171335718,205.67300977101834,7859
2019,"Jonathan Lucroy","LAA",89,0.06741573,0.16853933,0.4,0.26506024,0.31460674,0.46987952,0.78448626,0.20481928,0.26984127,11.92962792265938,0.7282558505587418,0.329403201515755,109.5617765444344,7870
2019,"Eric Sogard","TOR",55,0.09090909,0.14545455,0.625,0.2244898,0.2962963,0.46938776,0.76568406,0.24489796,0.21052632,6.914720603413151,-0.007475620918704442,0.31977980997827316,98.85923754537028,7927
2019,"Tim Beckham","SEA",97,0.05154639,0.37113402,0.13888889,0.20652174,0.24742268,0.47826087,0.72568355,0.27173913,0.26,10.29709936638098,-1.9111376110770186,0.29714414508072373,90.69234042763601,7949
2019,"Jose Martinez","STL",92,0.11956522,0.09782609,1.22222222,0.32911392,0.41304348,0.44303797,0.85608145,0.11392405,0.34782609,15.614939307626566,4.035992896016915,0.37068774907485297,135.36817121517004,7996
2019,"Matt Carpenter","STL",121,0.18181818,0.19008264,0.95652174,0.25510204,0.38842975,0.37755102,0.76598077,0.12244898,0.30136986,17.359809191916124,2.130977498386042,0.340310893275521,115.47223190526886,8090
2019,"Josh Harrison","DET",84,0.03571429,0.1547619,0.23076923,0.15189873,0.20238095,0.26582278,0.46820373,0.11392405,0.16923077,2.0900047401618034,-8.482076766090485,0.20312103912943885,17.24167753176392,8202
2019,"Dee Strange-Gordon","SEA",81,0.03703704,0.17283951,0.21428571,0.21333333,0.2345679,0.22666667,0.46123457,0.01333334,0.25,1.910640493687767,-8.283866673055511,0.2016253920248997,26.110910721787207,8203
2019,"Hunter Pence","TEX",72,0.06944444,0.13888889,0.5,0.3030303,0.34722222,0.45454545,0.80176767,0.15151515,0.31481481,10.241700402828194,1.1799162546119462,0.3388952960570653,93.23755367138892,8252
2019,"Daniel Descalso","CHC",70,0.1,0.28571429,0.35,0.14516129,0.23188406,0.20967742,0.44156148,0.06451613,0.21428571,1.73877431441853,-7.071293607458378,0.20307317332945007,19.57851676108816,8392
2019,"Gerardo Parra","2 Tms",64,0.0625,0.203125,0.30769231,0.22413793,0.28125,0.32758621,0.60883621,0.10344828,0.26666667,4.511216441379125,-3.543702801479762,0.25723958015441895,58.27793077414431,8553
2019,"Kendrys Morales","2 Tms",87,0.14942529,0.12643678,1.18181818,0.19444444,0.32183908,0.25,0.57183908,0.05555556,0.21311475,7.01659094694978,-3.93306489881152,0.2676382989718996,67.80280174342492,8610
2019,"Elvis Andrus","TEX",100,0.06,0.17,0.35294118,0.2826087,0.33,0.45652174,0.78652174,0.17391304,0.31506849,13.520712287298556,0.9349009703315443,0.330752512216568,87.73211515401564,8709
2019,"Gordon Beckham","DET",51,0.05882353,0.21568627,0.27272727,0.2826087,0.35294118,0.52173913,0.87468031,0.23913043,0.35294118,8.384775375649912,1.966011603996737,0.3645329942890242,126.3743295224171,9015
2019,"Justin Smoak","TOR",121,0.15702479,0.2231405,0.7037037,0.18367347,0.33884298,0.37755102,0.716394,0.19387755,0.18461538,14.96919440472906,-0.2596372888010224,0.3174547109722106,97.28720887858681,9054
2019,"Lorenzo Cain","MIL",121,0.0661157,0.14876033,0.44444444,0.25688073,0.31404959,0.44036697,0.75441656,0.18348624,0.26966292,14.92938144330892,-0.2994502502211634,0.31707406733646865,91.64211389390317,9077
2019,"Khris Davis","OAK",87,0.10344828,0.22988506,0.45,0.20779221,0.29885057,0.4025974,0.70144797,0.19480519,0.21153846,8.843939345166708,-2.105716500594591,0.29193691646351533,86.30841605998135,9112
2019,"Tyler Flowers","ATL",70,0.05714286,0.37142857,0.15384615,0.265625,0.32857143,0.453125,0.78169643,0.1875,0.38235294,9.559560446671036,0.7494925247941281,0.3323235537324633,101.48806326947133,9134
2019,"Buster Posey","SFG",74,0.04054054,0.18918919,0.21428571,0.25714286,0.28378378,0.35714286,0.64092664,0.1,0.31578947,6.2689316396035055,-3.0445687349520827,0.27234071412601984,72.53520262111338,9166
2019,"Paul Goldschmidt","STL",134,0.08955224,0.20149254,0.44444444,0.29166667,0.36090226,0.45833333,0.81923559,0.16666666,0.33333333,20.34955676953458,3.484569604798785,0.35002023474614424,121.83156250599797,9218
2019,"Starling Marte","PIT",105,0.03809524,0.15238095,0.25,0.26804124,0.32380952,0.42268041,0.74648993,0.15463917,0.29487179,13.138915064753686,-0.07618681806167592,0.3190976483481271,98.33508326587598,9241
2019,"AJ Pollock","LAD",62,0.08064516,0.17741935,0.45454545,0.23214286,0.30645161,0.375,0.68145161,0.14285714,0.25581395,6.483641971366386,-1.31956104515316,0.2953153944784595,87.80923237885956,9256
2019,"Chris Davis","BAL",71,0.09859155,0.33802817,0.29166667,0.15873016,0.25352113,0.33333333,0.58685446,0.17460317,0.19444444,4.9905097992405025,-3.945416235806075,0.2556514152338807,51.4877918459706,9272
2019,"Josh Phegley","OAK",74,0.02702703,0.24324324,0.11111111,0.22058824,0.26027397,0.38235294,0.64262691,0.1617647,0.26530612,6.143978047480888,-3.1695223270747,0.2703872902752602,71.73844289407579,9308
2019,"Evan Longoria","SFG",97,0.08247423,0.21649485,0.38095238,0.15730337,0.22680412,0.28089888,0.507703,0.12359551,0.19402985,3.9744083025713626,-8.233828674886638,0.2217374880289294,39.39159085418849,9368
2019,"Matt Adams","WSN",51,0.05882353,0.29411765,0.2,0.20833333,0.25490196,0.47916667,0.73406863,0.27083334,0.20689655,5.620859106611541,-0.7979046650416339,0.3018378124517553,79.49235327269604,9393
2019,"David Freese","LAD",57,0.1754386,0.26315789,0.66666667,0.31914894,0.43859649,0.59574468,1.03434117,0.27659574,0.4137931,12.627187635213488,5.453275184542294,0.4306152327018872,176.42661225897095,9549
2019,"Yan Gomes","WSN",69,0.08695652,0.2173913,0.4,0.22222222,0.28985507,0.34920635,0.63906142,0.12698413,0.27659574,6.130587617158337,-2.5536221915488997,0.27712293120398035,63.3048393112294,9627
2019,"Justin Bour","LAA",62,0.12903226,0.22580645,0.57142857,0.18867925,0.30645161,0.30188679,0.6083384,0.11320754,0.21621622,5.418641917267299,-2.384561099252248,0.2754435856496134,73.07900193181766,9744
2019,"Christian Vazquez","BOS",77,0.07792208,0.14285714,0.54545455,0.35211268,0.4025974,0.54929577,0.95189317,0.19718309,0.38596491,14.789467444400007,5.0983927303354095,0.39653586008046804,141.28275239136613,9774
2019,"Jason Kipnis","CLE",94,0.10638298,0.17021277,0.625,0.24096386,0.32258065,0.37349398,0.69607463,0.13253012,0.27692308,10.446787969973485,-1.3838746679755036,0.3029057280991667,78.68803381523273,9776
2019,"Nolan Arenado","COL",130,0.08461538,0.11538462,0.73333333,0.4,0.44615385,0.68695652,1.13311037,0.28695652,0.40625,31.367801672356947,15.006246960299833,0.45347607419604347,154.60579637006902,9777
2019,"Brian Dozier","WSN",96,0.125,0.27083333,0.46153846,0.19512195,0.30208333,0.26829268,0.57037601,0.07317073,0.26785714,7.166997102481978,-4.915381761806353,0.2607038114219904,52.550802986256826,9810
2019,"Andrew McCutchen","PHI",137,0.19708029,0.19708029,1,0.24545455,0.39416058,0.42727273,0.82143331,0.18181818,0.28205128,21.885229918569628,4.642668414324822,0.35914070545321836,120.55574426108802,9847
2019,"DJ LeMahieu","NYY",133,0.08270677,0.15037594,0.55,0.29411765,0.36090226,0.43697479,0.79787705,0.14285714,0.32291667,19.272976841463816,2.533847789897691,0.3419768855087739,113.91002746441647,9874
2019,"Jay Bruce","SEA",86,0.15116279,0.34883721,0.43333333,0.15068493,0.27906977,0.4109589,0.69002867,0.26027397,0.15789474,8.889931136820527,-1.9338665957711019,0.2939230272936266,88.51450219915648,9892
2019,"Brett Gardner","NYY",115,0.07826087,0.16521739,0.47368421,0.21359223,0.28695652,0.46601942,0.75297594,0.25242719,0.19230769,13.764660059496226,-0.7090229550158356,0.31280454811842545,94.18624342978788,9927
2019,"Chris Owings","KCR",77,0.05194805,0.32467532,0.16,0.16438356,0.20779221,0.23287671,0.44066892,0.06849315,0.25,1.273341496760927,-8.41773321730367,0.19346810625745103,9.132625249125352,10030
2019,"Wil Myers","SDP",104,0.15384615,0.30769231,0.5,0.25,0.36538462,0.42045455,0.78583917,0.17045455,0.34615385,15.011266941573108,1.922023171927418,0.3413169045860951,115.08611599986092,10047
2019,"Jonathan Villar","BAL",132,0.06060606,0.26515152,0.22857143,0.24590164,0.29770992,0.40163934,0.69934926,0.1557377,0.31325301,14.110989869529215,-2.5022810688672394,0.2980068994842413,80.12486719779407,10071
2019,"Mike Trout","LAA",122,0.23770492,0.14754098,1.61111111,0.30769231,0.48360656,0.72527473,1.20888129,0.41758242,0.28571429,31.937417557221238,16.58272775052148,0.47718159969036394,209.47660927030554,10155
2019,"Billy Hamilton","KCR",70,0.1,0.22857143,0.4375,0.2,0.27941176,0.2,0.47941176,0,0.26666667,3.0364861825042495,-5.773581739372658,0.22451983479892507,30.12708926682782,10199
2019,"Tucker Barnhart","CIN",83,0.15662651,0.24096386,0.65,0.2,0.3253012,0.31428571,0.63958691,0.11428571,0.25,7.871384427720073,-2.574838965362546,0.28404886984243627,67.46988309985773,10200
2019,"Jose Iglesias","CIN",97,0.06185567,0.1443299,0.42857143,0.28571429,0.32989691,0.49450549,0.8244024,0.2087912,0.31081081,14.221111220779212,2.0128742433212112,0.3439433027788536,106.69895968947999,10231
2019,"Randal Grichuk","TOR",109,0.05504587,0.33944954,0.16216216,0.24509804,0.29357798,0.48039216,0.77397014,0.23529412,0.3220339,13.887297728238478,0.16876339274443589,0.32172819725964047,100.17656667944989,10243
2019,"Brandon Belt","SFG",94,0.15957447,0.20212766,0.78947368,0.20512821,0.32978723,0.37179487,0.7015821,0.16666666,0.24137931,10.701651203462728,-1.1290114344862616,0.306042325623492,94.6087582724629,10264
2019,"Danny Santana","TEX",67,0.07462687,0.2238806,0.33333333,0.28333333,0.34848485,0.56666667,0.91515152,0.28333334,0.33333333,11.479160405981366,3.04666682361347,0.37254236478071945,115.9867598122457,10322
2019,"Marcell Ozuna","STL",123,0.12195122,0.18699187,0.65217391,0.21495327,0.30894309,0.43925234,0.74819543,0.22429907,0.21518987,14.39476306646179,-1.0857848534076324,0.3097248781811107,95.43929946255399,10324
2019,"Domingo Santana","SEA",130,0.10769231,0.30769231,0.35,0.23684211,0.33076923,0.37719298,0.70796221,0.14035087,0.33802817,15.176722808227773,-1.1848319038293418,0.30939335502110993,98.97418525296483,10348
2019,"Enrique Hernandez","LAD",104,0.06730769,0.18269231,0.36842105,0.2688172,0.31730769,0.49462366,0.81193135,0.22580646,0.26760563,14.026361518008736,0.9371177483630458,0.3303611915088394,110.76318967416621,10472
2019,"Derek Dietrich","CIN",80,0.05,0.25,0.2,0.29166667,0.3625,0.80555556,1.16805556,0.51388889,0.24390244,19.946771588522907,9.8781225349493,0.46278166845440866,184.53456343951277,10542
2019,"Cesar Hernandez","PHI",119,0.1092437,0.13445378,0.8125,0.2952381,0.3697479,0.48571429,0.85546219,0.19047619,0.32183908,19.171112065646188,4.193996598455445,0.360708914885,121.582874912333,10556
2019,"Gio Urshela","NYY",76,0.05263158,0.17105263,0.30769231,0.34285714,0.38157895,0.5,0.88157895,0.15714286,0.39285714,12.945839131980009,3.3806225310850793,0.37139619337885005,133.80079134505115,10681
2019,"Jurickson Profar","OAK",131,0.04580153,0.16030534,0.28571429,0.152,0.19083969,0.296,0.48683969,0.144,0.15,3.5903090327776783,-12.897103792449105,0.2060431778885936,28.234579640582684,10815
2019,"Andrelton Simmons","LAA",97,0.02061856,0.08247423,0.25,0.30851064,0.32989691,0.5106383,0.84053521,0.20212766,0.31325301,14.771111298063618,2.5628743206056193,0.3505027988522323,123.82747954634708,10847
2019,"Greg Garcia","SDP",56,0.08928571,0.33928571,0.26315789,0.23529412,0.30357143,0.33333333,0.63690476,0.09803921,0.375,5.064722266480244,-1.9833320710212825,0.2789650782942772,74.24751966986184,10951
2019,"Kevin Kiermaier","TBR",103,0.06796117,0.25242718,0.26923077,0.21052632,0.26213592,0.38947368,0.6516096,0.17894736,0.25373134,8.469653915233884,-4.493731741242135,0.2694651823417813,71.28943759199532,11038
2019,"Kole Calhoun","LAA",112,0.125,0.29464286,0.42424242,0.22105263,0.32432432,0.48421053,0.80853485,0.2631579,0.26315789,14.875980341280341,0.7798716662772878,0.3279924033968537,108.60791820112338,11200
2019,"Adam Eaton","WSN",118,0.08474576,0.1779661,0.47619048,0.28571429,0.36440678,0.39047619,0.75488297,0.1047619,0.33333333,15.97511273324795,1.123855379226878,0.33095518007116803,98.56336519199607,11205
2019,"Jonathan Schoop","MIN",94,0.05319149,0.22340426,0.23809524,0.20689655,0.26595745,0.28735632,0.55331377,0.08045977,0.26153846,5.716601409116546,-6.114061228832444,0.244691401720047,45.73006668934512,11265
2019,"Whit Merrifield","KCR",128,0.0625,0.1328125,0.47058824,0.28571429,0.3359375,0.45378151,0.78971901,0.16806722,0.32,17.28228088338432,1.1724423976665463,0.33053351528062597,101.80427133688661,11281
2019,"Jake Marisnick","HOU",58,0.0862069,0.29310345,0.29411765,0.25,0.32758621,0.51923077,0.84681698,0.26923077,0.3125,8.911297379213044,1.6115268153721785,0.35208024238717966,126.79405208410203,11339
2019,"Jesus Aguilar","MIL",76,0.09210526,0.27631579,0.33333333,0.19047619,0.2739726,0.34920635,0.62317895,0.15873016,0.2195122,6.134666437309239,-3.430550163585689,0.26771791912104986,59.31530114042343,11342
2019,"Yasmani Grandal","MIL",96,0.17708333,0.23958333,0.73913043,0.20512821,0.34375,0.38461538,0.72836538,0.17948717,0.23076923,12.00336750708648,-0.07901135720184937,0.3189849170545737,92.89366376703374,11368
2019,"Delino DeShields","TEX",59,0.15254237,0.20338983,0.75,0.20408163,0.32758621,0.36734694,0.69493315,0.16326531,0.25,6.654365587496373,-0.7712630895141637,0.30481432737975284,70.19498231731394,11379
2019,"Gary Sanchez","NYY",83,0.10843373,0.26506024,0.40909091,0.27027027,0.34939759,0.66216216,1.01155975,0.39189189,0.25581395,16.543273669532727,6.09705027645011,0.4049179146929485,156.46524852656694,11442
2019,"Mark Canha","OAK",63,0.17460317,0.17460317,1,0.22916667,0.3968254,0.45833333,0.85515873,0.22916666,0.22857143,10.5779926727034,2.648931543014185,0.36857885122299194,138.12699161547118,11445
2019,"Tony Wolters","COL",79,0.08860759,0.13924051,0.63636364,0.31884058,0.37179487,0.37681159,0.74860646,0.05797101,0.36666667,9.292217128381267,-0.6505738120226716,0.3104102087020874,60.90189903488685,11470
2019,"Odubel Herrera","PHI",69,0.08695652,0.24637681,0.35294118,0.19672131,0.27536232,0.26229508,0.5376574,0.06557377,0.25,4.048889080976612,-4.635320727730625,0.24222110060678012,43.97687192718699,11476
2019,"Christian Yelich","MIL",95,0.18947368,0.12631579,1.5,0.39473684,0.50526316,1.09210526,1.59736842,0.69736842,0.27083333,34.90480718397765,22.948286432858993,0.5993883391221364,276.5495860454521,11477
2019,"Manny Machado","SDP",130,0.1,0.23076923,0.43333333,0.22807018,0.31538462,0.36842105,0.68380567,0.14035087,0.2625,13.188951572146053,-3.1726031399110615,0.291704386472702,82.59138856934295,11493
2019,"Bryce Harper","PHI",132,0.15909091,0.28787879,0.55263158,0.25688073,0.38636364,0.56880734,0.95517098,0.31192661,0.328125,24.78690827451932,8.173637336122864,0.39157132919018084,141.79684063772606,11579
2019,"Yolmer Sanchez","CHW",84,0.11904762,0.19047619,0.625,0.29577465,0.39285714,0.33802817,0.73088531,0.04225352,0.375,11.237322327053953,0.6652408208016646,0.32909881359054927,108.82722399753868,11602
2019,"Willson Contreras","CHC",100,0.11,0.28,0.39285714,0.29885057,0.39,0.52873563,0.91873563,0.22988506,0.37735849,17.896409216826747,5.310597899859737,0.381373042962989,136.35964146426423,11609
2019,"Rosell Herrera","MIA",63,0,0.22222222,0,0.22580645,0.23809524,0.33870968,0.57680492,0.11290323,0.27659574,3.7762899940772297,-4.152771135611987,0.24368054336971706,54.39205345374635,11611
2019,"Brandon Drury","TOR",91,0.02197802,0.25274725,0.08695652,0.2247191,0.24175824,0.38202247,0.62378071,0.15730337,0.28125,6.733462128289591,-4.719626170150389,0.25993782150876393,58.39931686839923,11615
2019,"Elias Diaz","PIT",50,0.02,0.18,0.11111111,0.24489796,0.26,0.28571429,0.54571429,0.04081633,0.3,2.682123143514804,-3.6107825149687014,0.2363939118385315,44.166589555833774,11680
2019,"Nick Castellanos","DET",111,0.05405405,0.23423423,0.23076923,0.24271845,0.28828829,0.37864078,0.66692907,0.13592233,0.31168831,10.461605476065719,-3.5086450857676628,0.28336949552501645,71.49866770295077,11737
2019,"J.T. Realmuto","PHI",109,0.0733945,0.20183486,0.36363636,0.28865979,0.34862385,0.4742268,0.82285065,0.18556701,0.32876712,16.13777130134927,2.4192369658552297,0.3456132871295334,111.69568659858298,11739
2019,"Leonys Martin","CLE",99,0.05050505,0.29292929,0.17241379,0.23595506,0.29896907,0.26966292,0.56863199,0.03370786,0.35,7.059046270434333,-5.400906933363008,0.25682519330191855,47.53240496110428,11846
2019,"Ronny Rodriguez","DET",69,0.02898551,0.28985507,0.1,0.265625,0.27536232,0.5,0.77536232,0.234375,0.33333333,8.063747936456307,-0.6204618722509292,0.3095343648523524,89.1890647733409,11875
2019,"Joc Pederson","LAD",100,0.1,0.22,0.45454545,0.27906977,0.38,0.77906977,1.15906977,0.5,0.21568627,24.61779273985546,12.03198142288845,0.4591297996044159,195.10280759296285,11899
2019,"Hanser Alberto","BAL",97,0.03092784,0.11340206,0.27272727,0.25,0.27835052,0.39130435,0.66965487,0.14130435,0.25316456,9.057618624883423,-3.1506183525745777,0.2823616579635856,69.54692272958319,11902
2019,"Joe Panik","SFG",98,0.13265306,0.09183673,1.44444444,0.24390244,0.34693878,0.30487805,0.65181683,0.06097561,0.26666667,10.144232641422851,-2.1898624492048193,0.29408647454514797,86.7780305294626,11936
2019,"Travis Shaw","MIL",89,0.06741573,0.28089888,0.24,0.14634146,0.21348315,0.20731707,0.42080022,0.06097561,0.19642857,1.3349059842426898,-9.86646608785795,0.1916889086198271,9.518554936116328,11982
2019,"Niko Goodrum","DET",105,0.05714286,0.27619048,0.20689655,0.2244898,0.27619048,0.35714286,0.63333334,0.13265306,0.29850746,8.835563600497466,-4.379538282317895,0.2716846982638041,63.5984293852347,12092
2019,"Max Kepler","MIN",110,0.08181818,0.11818182,0.69230769,0.25,0.30909091,0.5625,0.87159091,0.3125,0.2125,16.62985437501373,2.7854619263500178,0.3492314094846899,116.41088010988348,12144
2019,"Nick Ahmed","ARI",108,0.08333333,0.2037037,0.40909091,0.23157895,0.29906542,0.36842105,0.66748647,0.1368421,0.28378378,10.395658135157465,-3.1970180871669056,0.2856917643101416,72.1108216000713,12147
2019,"Eddie Rosario","MIN",111,0.05405405,0.15315315,0.35294118,0.23809524,0.27927928,0.5047619,0.78404118,0.26666666,0.2125,14.243918474839989,0.27366791300660825,0.3227892528783094,98.53300562435712,12155
2019,"Austin Barnes","LAD",63,0.0952381,0.15873016,0.6,0.21052632,0.28571429,0.42105263,0.70676692,0.21052631,0.20454545,6.437282794942909,-1.4917783347463083,0.2925438227192048,85.99393510519045,12158
2019,"Ben Gamel","MIL",81,0.09876543,0.30864198,0.32,0.28169014,0.37037037,0.4084507,0.77882107,0.12676056,0.40909091,10.972980895101175,0.7784737283578963,0.3310553506959843,100.79943968933891,12160
2019,"Xander Bogaerts","BOS",112,0.16071429,0.16964286,0.94736842,0.35483871,0.45535714,0.60215054,1.05750768,0.24731183,0.4084507,25.667754570196117,11.571645895193063,0.4394614504916327,170.30528368530523,12161
2019,"Maikel Franco","PHI",117,0.08547009,0.14529915,0.58823529,0.21698113,0.28205128,0.45283019,0.73488147,0.23584906,0.19277108,11.196442117114842,-3.528957123736561,0.2850439161867709,72.02454563926761,12179
2019,"Jorge Alfaro","MIA",80,0.025,0.35,0.07142857,0.33783784,0.3875,0.5,0.8875,0.16216216,0.51162791,14.09129838380114,4.022649330227532,0.37810739651322367,142.43765400675105,12180
2019,"Rougned Odor","TEX",82,0.04878049,0.30487805,0.16,0.15584416,0.20731707,0.2987013,0.50601837,0.14285714,0.18367347,3.0461206191065013,-7.274244660806447,0.21731196961751797,11.03353824344528,12282
2019,"Tommy La Stella","LAA",100,0.06,0.07,0.85714286,0.27173913,0.32323232,0.5,0.82323232,0.22826087,0.23076923,14.69610916187637,2.1102978449093586,0.34435016639304883,119.66760739604317,12371
2019,"Kevin Pillar","2 Tms",126,0.03174603,0.14285714,0.22222222,0.23076923,0.26190476,0.4017094,0.66361416,0.17094017,0.22680412,11.062251874610261,-4.795870384768172,0.2759042453198206,73.46245578255069,12434
2019,"Kolten Wong","STL",117,0.09401709,0.17948718,0.52380952,0.1980198,0.28205128,0.28712871,0.56917999,0.08910891,0.23170732,7.164581754574594,-7.560817486276808,0.24517824494320414,53.16316969970731,12532
2019,"Marcus Semien","OAK",143,0.13986014,0.11888112,1.17647059,0.23577236,0.34265734,0.37398374,0.71664108,0.13821138,0.24509804,17.38268367213361,-0.6150265111292151,0.3149615442836201,101.87565637140379,12533
2019,"C.J. Cron","MIN",107,0.08411215,0.23364486,0.36,0.22340426,0.30841121,0.45744681,0.76585802,0.23404255,0.234375,13.645394509689922,0.1785764005352215,0.3218677723519156,97.90998105654445,12546
2019,"Eugenio Suarez","CIN",120,0.125,0.21666667,0.57692308,0.30693069,0.40833333,0.57425743,0.98259076,0.26732674,0.34782609,24.062865192026017,8.959891611665602,0.4063146179463683,147.55032065485295,12552
2019,"Trevor Story","COL",129,0.08527132,0.24031008,0.35483871,0.34210526,0.41085271,0.69298246,1.10383517,0.3508772,0.4,30.468560043000252,14.232863444112805,0.44757565047389775,150.741193889351,12564
2019,"George Springer","HOU",95,0.08421053,0.22105263,0.38095238,0.32142857,0.37894737,0.64285714,1.02180451,0.32142857,0.34482759,19.648738777656064,7.692218026537405,0.41360854286896553,168.39410951117623,12856
2019,"Brian Goodwin","LAA",104,0.125,0.22115385,0.56521739,0.28888889,0.37864078,0.53333333,0.91197411,0.24444444,0.33870968,18.381004971563964,5.291761201918273,0.37880058791123183,142.95997046021677,12858
2019,"James McCann","CHW",75,0.08,0.2,0.4,0.32352941,0.38666667,0.47058824,0.85725491,0.14705883,0.40384615,12.461679462250768,3.0223209745255106,0.36655560255050657,134.15222988209572,12859
2019,"Anthony Rendon","WSN",98,0.12244898,0.14285714,0.85714286,0.36904762,0.45918367,0.75,1.20918367,0.38095238,0.38095238,26.32721948727257,13.993124396644896,0.48512108872334164,199.53746147311512,12861
2019,"Gregory Polanco","PIT",67,0.05970149,0.26865672,0.22222222,0.22580645,0.27272727,0.37096774,0.64369501,0.14516129,0.28571429,5.430244331739349,-3.002249250628549,0.2680986725367033,64.9322671774011,12907
2019,"Francisco Lindor","CLE",98,0.09183673,0.13265306,0.69230769,0.27586207,0.35714286,0.45977011,0.81691297,0.18390804,0.28571429,14.182812837052024,1.8487177464243523,0.3417605298260848,104.95825370592944,12916
2019,"Brandon Nimmo","NYM",65,0.13846154,0.30769231,0.45,0.22222222,0.35384615,0.33333333,0.68717948,0.11111111,0.33333333,7.663479765189749,-0.517297590838808,0.31073029591487006,100.43690801748981,12927
2019,"Austin Hedges","SDP",80,0.075,0.2875,0.26086957,0.20833333,0.2875,0.31944444,0.60694444,0.11111111,0.27659574,6.123394356535249,-3.9452546970383597,0.26288588514810873,63.716125206206335,12976
2019,"Javier Baez","CHC",117,0.05982906,0.31623932,0.18918919,0.32110092,0.35897436,0.6146789,0.97365326,0.29357798,0.43283582,22.57368978695851,7.8482905461071075,0.39753829210232466,146.94740005028376,12979
2019,"Jackie Bradley Jr.","BOS",78,0.15384615,0.23076923,0.66666667,0.20634921,0.34615385,0.33333333,0.67948718,0.12698412,0.26666667,8.846184822331345,-0.9707480049029225,0.30553940855539763,79.75890760024427,12984
2019,"Teoscar Hernandez","TOR",70,0.1,0.24285714,0.41176471,0.17460317,0.25714286,0.26984127,0.52698413,0.0952381,0.22222222,3.691491377077453,-5.1185765447994545,0.2353447914123535,41.771660061605175,13066
2019,"Josh Bell","PIT",121,0.09090909,0.21487603,0.42307692,0.2962963,0.36363636,0.67592593,1.03956229,0.37962963,0.31081081,25.020428604954056,9.791596911423971,0.41355251915314617,160.20022129976505,13145
2019,"Jorge Polanco","MIN",118,0.11864407,0.16949153,0.7,0.29411765,0.38135593,0.46078431,0.84214024,0.16666666,0.34567901,18.803650929522533,3.952393575501461,0.3586857950283309,122.80310902687748,13152
2019,"Orlando Arcia","MIL",104,0.06730769,0.23076923,0.29166667,0.27835052,0.32692308,0.40206186,0.72898494,0.12371134,0.35211268,12.419755397600596,-0.6694883720450946,0.31248991649884444,88.63963110057833,13185
2019,"Mike Zunino","TBR",55,0.03636364,0.27272727,0.13333333,0.25490196,0.30909091,0.45098039,0.7600713,0.19607843,0.32352941,6.970139042111186,0.047942817779330765,0.3209454677321694,106.09590570232912,13265
2019,"Joey Rickard","BAL",63,0.0952381,0.20634921,0.46153846,0.24074074,0.34920635,0.37037037,0.71957672,0.12962963,0.3,7.818179587628206,-0.11088154206101032,0.317900954730927,93.57548803794717,13277
2019,"Max Muncy","LAD",119,0.1092437,0.27731092,0.39393939,0.28846154,0.36134454,0.45192308,0.81326762,0.16346154,0.37681159,17.273427825788108,2.296312358597365,0.34226061075420705,118.55695624082026,13301
2019,"Omar Narvaez","SEA",88,0.11363636,0.22727273,0.5,0.21052632,0.30681818,0.32894737,0.63576555,0.11842105,0.24074074,8.128910892182487,-2.9466030667484833,0.281200724569234,79.91279339531869,13338
2019,"Stephen Piscotty","OAK",134,0.08208955,0.1641791,0.5,0.33057851,0.38345865,0.53719008,0.92064873,0.20661157,0.36170213,24.389803475476366,7.524816310740575,0.3849007222885476,149.16241382488872,13367
2019,"Christian Walker","ARI",111,0.11711712,0.30630631,0.38235294,0.21649485,0.31531532,0.41237113,0.72768645,0.19587628,0.28813559,12.540228658013163,-1.4300219038202187,0.30503317631712745,84.77887263210891,13419
2019,"Dwight Smith","BAL",114,0.03508772,0.20175439,0.17391304,0.24074074,0.28070175,0.50925926,0.78996101,0.26851852,0.24358974,14.80866076831634,0.4608358669739501,0.324613549730234,98.11395790090927,13473
2019,"Jose  Ramirez","CLE",121,0.1322314,0.15702479,0.84210526,0.25961538,0.3553719,0.375,0.7303719,0.11538462,0.29761905,14.935591671248131,-0.2932400222819518,0.31713344206412636,88.30757008331994,13510
2019,"Jesse Winker","CIN",103,0.0776699,0.18446602,0.42105263,0.27659574,0.33980583,0.5212766,0.86108243,0.24468086,0.28985507,16.17765345795263,3.2142678014766117,0.3560384710629781,114.62093606892063,13590
2019,"Jose Peraza","CIN",85,0.05882353,0.24705882,0.23809524,0.18181818,0.25882353,0.36363636,0.62245989,0.18181818,0.19230769,6.862374569905836,-3.8355650495161226,0.26773472042644725,56.784599250292366,13593
2019,"Mallex Smith","SEA",110,0.09090909,0.23636364,0.38461538,0.23232323,0.3,0.38383838,0.68383838,0.15151515,0.28169014,11.193720666799479,-2.6506717818642325,0.2920602625066584,87.25506350989916,13608
2019,"Mookie Betts","BOS",120,0.14166667,0.125,1.13333333,0.31,0.41666667,0.5,0.91666667,0.19,0.32926829,22.14399675634472,7.0410231759843045,0.3878158240759072,135.38702642924127,13611
2019,"Ketel Marte","ARI",113,0.04424779,0.16814159,0.26315789,0.25233645,0.2920354,0.4953271,0.7873625,0.24299065,0.25609756,14.791199657954158,0.569232869781436,0.32576466714386393,98.35738404939632,13613
2019,"Carson Kelly","ARI",53,0.0754717,0.24528302,0.30769231,0.22916667,0.30188679,0.4375,0.73938679,0.20833333,0.27272727,6.00718249767555,-0.663297500316965,0.3054589376999782,85.05773370613367,13620
2019,"Jeimer Candelario","DET",76,0.10526316,0.27631579,0.38095238,0.11940299,0.22368421,0.20895522,0.43263943,0.08955223,0.15555556,1.3219931828252494,-8.243223418069679,0.19446039358774822,11.386106208182202,13621
2019,"Corey Seager","LAD",116,0.11206897,0.18965517,0.59090909,0.22772277,0.31896552,0.44554455,0.76451007,0.21782178,0.24,14.264986720536369,-0.33455440714536305,0.3166005726446185,101.75039257634275,13624
2019,"David Dahl","COL",113,0.08849558,0.22123894,0.4,0.38613861,0.44642857,0.61386139,1.06028996,0.22772278,0.48611111,26.258431679870398,12.036464891697676,0.4431623747306211,147.85062921319965,13744
2019,"Chris Taylor","LAD",95,0.09473684,0.22105263,0.42857143,0.24390244,0.32258065,0.42682927,0.74940992,0.18292683,0.3,11.415130373422128,-0.541390377696533,0.31334430368050287,99.61763301377526,13757
2019,"Adalberto Mondesi","KCR",124,0.05645161,0.21774194,0.25925926,0.32743363,0.35772358,0.55752212,0.9152457,0.23008849,0.39534884,21.350496960993187,5.744090927954094,0.3735264733554871,130.87235075512874,13769
2019,"Rio Ruiz","BAL",93,0.10752688,0.1827957,0.58823529,0.23170732,0.31182796,0.31707317,0.62890113,0.08536585,0.265625,8.383953396710291,-3.3208511280690285,0.27862793271259595,67.0225041507852,14103
2019,"Albert Almora Jr.","CHC",81,0.02469136,0.09876543,0.25,0.22666667,0.25641026,0.44,0.69641026,0.21333333,0.20634921,8.036520565957806,-2.1579866007854713,0.289116301597693,75.93421299797953,14109
2019,"Joey Gallo","TEX",106,0.18867925,0.28301887,0.66666667,0.35294118,0.47169811,0.82352941,1.29522752,0.47058823,0.42222222,30.59691321295846,17.25595321697343,0.5082640335673377,207.74988623393273,14128
2019,"Daniel Vogelbach","SEA",92,0.14130435,0.26086957,0.54166667,0.24050633,0.34782609,0.50632911,0.8541552,0.26582278,0.26530612,14.624183244535693,3.0452368329260437,0.35822946092356805,131.9928903715686,14130
2019,"Jose Rondon","CHW",57,0.05263158,0.1754386,0.3,0.25925926,0.29824561,0.40740741,0.70565302,0.14814815,0.28571429,6.1737407247093525,-1.0001717259618434,0.29963783841384084,88.90828832709083,14140
2019,"Daniel Robertson","TBR",102,0.08823529,0.24509804,0.36,0.1978022,0.28431373,0.25274725,0.53706098,0.05494505,0.27272727,6.272943433908722,-6.564584109397629,0.24548331253668842,55.074993941047886,14145
2019,"Byron Buxton","MIN",91,0.06593407,0.25274725,0.26086957,0.27380952,0.32222222,0.52380952,0.84603174,0.25,0.34482759,13.802586491330079,2.3494981928900986,0.34980553454822966,116.79905328266025,14161
2019,"Carlos Correa","HOU",112,0.10714286,0.29464286,0.36363636,0.31313131,0.38392857,0.56565657,0.94958514,0.25252526,0.4,21.258742795658446,7.162634120655393,0.393920436501503,155.08273329724616,14162
2019,"Jorge Soler","KCR",117,0.07692308,0.28205128,0.27272727,0.21904762,0.29059829,0.47619048,0.76678877,0.25714286,0.25373134,14.52010149750469,-0.2052977433467125,0.317907135710757,93.26741738367079,14221
2019,"Yasiel Puig","CIN",111,0.06306306,0.22522523,0.28,0.2254902,0.27927928,0.37254902,0.6518283,0.14705882,0.25675676,9.599970157127236,-4.370280404706145,0.2743894203142686,61.14323024121314,14225
2019,"Mitch Haniger","SEA",129,0.10852713,0.31007752,0.35,0.21428571,0.31782946,0.4375,0.75532946,0.22321429,0.27272727,16.46860126135293,0.23290466246548816,0.32202571122221246,107.51508008168982,14274
2019,"Wilmer Difo","WSN",51,0.11764706,0.19607843,0.6,0.22222222,0.31372549,0.31111111,0.6248366,0.08888889,0.26470588,3.897211382711585,-2.5215523889415907,0.2627395196836822,53.88413150105905,14320
2019,"Matt Olson","OAK",70,0.08571429,0.35714286,0.24,0.17460317,0.25714286,0.38095238,0.63809524,0.20634921,0.20588235,5.921067760610102,-2.889000161266805,0.2721919306686946,72.95858295018401,14344
2019,"Raimel Tapia","COL",106,0.0754717,0.25471698,0.2962963,0.30612245,0.35849057,0.57142857,0.92991914,0.26530612,0.3880597,19.189868765859362,5.848908769874331,0.38377051870777923,108.95072559121793,14350
2019,"Lewis Brinson","MIA",50,0.04,0.34,0.11764706,0.17391304,0.24,0.23913043,0.47913043,0.06521739,0.27586207,1.8154245841477519,-4.477481074335754,0.2163409960269928,36.4854610702458,14352
2019,"Ronald Guzman","TEX",50,0.06,0.34,0.17647059,0.21276596,0.26,0.38297872,0.64297872,0.17021276,0.31034483,4.196981895948619,-2.0959237625348863,0.27144339323043826,47.632474233451724,14388
2019,"Renato Nunez","BAL",120,0.06666667,0.225,0.2962963,0.28181818,0.34166667,0.60909091,0.95075758,0.32727273,0.28767123,22.284328922233154,7.181355341872743,0.3891686921318372,141.76050120035615,14503
2019,"Pedro Severino","BAL",67,0.11940299,0.17910448,0.66666667,0.25,0.35820896,0.48214286,0.84035182,0.23214286,0.26190476,10.418497581578565,1.9860039992106686,0.35422841559595136,118.13694100075361,14523
2019,"Nomar Mazara","TEX",113,0.07079646,0.15929204,0.44444444,0.23529412,0.30088496,0.43137255,0.73225751,0.19607843,0.24691358,13.098180552732462,-1.1237862354402604,0.30843210062094495,72.64100428465686,14553
2019,"Franmil Reyes","SDP",110,0.06363636,0.3,0.21212121,0.22,0.26363636,0.55,0.81363636,0.33,0.2,14.285938126584536,0.44154567792082505,0.324580731717023,104.1244193093695,14566
2019,"David Bote","CHC",79,0.15189873,0.2278481,0.66666667,0.27272727,0.37974684,0.36363636,0.7433832,0.09090909,0.35416667,10.294897065455109,0.3521061250511709,0.3250932051585271,99.4980174461102,14593
2019,"Manuel Margot","SDP",70,0.07142857,0.24285714,0.29411765,0.171875,0.23188406,0.203125,0.43500906,0.03125,0.23404255,1.4750062402922213,-7.335061681584686,0.19871400491051053,21.68544754016628,14712
2019,"Luke Voit","NYY",132,0.12878788,0.29545455,0.43589744,0.25225225,0.36363636,0.44144144,0.8050778,0.18918919,0.33823529,19.55853466629762,2.945263727901168,0.34574952947370935,116.4607594749598,14811
2019,"JaCoby Jones","DET",69,0.07246377,0.24637681,0.29411765,0.16666667,0.26086957,0.35,0.61086957,0.18333333,0.17073171,5.341908134675364,-3.342301674031872,0.26389990336653113,58.33503169264903,14818
2019,"Tony Kemp","HOU",56,0.10714286,0.14285714,0.75,0.29166667,0.38181818,0.5,0.88181818,0.20833333,0.31578947,9.62887733217129,2.5808229946697643,0.3732520797035911,141.10859744457588,14894
2019,"Johan Camargo","ATL",78,0.07692308,0.23076923,0.33333333,0.25,0.30769231,0.38888889,0.6965812,0.13888889,0.32075472,8.007753490725156,-1.8091793365091131,0.29310422052036633,75.80056359809872,14950
2019,"Ryan McMahon","COL",86,0.12790698,0.20930233,0.61111111,0.25333333,0.34883721,0.45333333,0.80217054,0.2,0.28301887,12.485263570563312,1.661465837971684,0.3422867877538814,81.7801125804674,15112
2019,"Hunter Dozier","KCR",113,0.07079646,0.15044248,0.47058824,0.32352941,0.38053097,0.51960784,0.90013881,0.19607843,0.36144578,19.80860853834519,5.58664175017247,0.37713123053576036,133.3095724000597,15117
2019,"Trey Mancini","BAL",134,0.06716418,0.17164179,0.39130435,0.26829268,0.32089552,0.47154472,0.79244024,0.20325204,0.28421053,17.94139429373036,1.0764071289945687,0.32922994956038054,101.2351638587641,15149
2019,"Tim Anderson","CHW",114,0.02631579,0.18421053,0.14285714,0.35779817,0.38596491,0.56880734,0.95477225,0.21100917,0.40243902,22.219184380507286,7.871359479164895,0.399814530422813,156.63900911404355,15172
2019,"Ryan Cordell","CHW",52,0.13461538,0.32692308,0.41176471,0.22727273,0.33333333,0.34090909,0.67424242,0.11363636,0.34615385,5.641568494922982,-0.9030533898998638,0.2998466059273365,89.0494386673785,15181
2019,"Chad Pinder","OAK",69,0.02898551,0.15942029,0.18181818,0.29230769,0.31884058,0.43076923,0.74960981,0.13846154,0.33333333,8.42398474619703,-0.26022506251020655,0.31557410782661993,102.28981828335306,15191
2019,"Jake Bauers","CLE",103,0.11650485,0.26213592,0.44444444,0.18888889,0.29126214,0.26666667,0.55792881,0.07777778,0.25806452,7.163801549654536,-5.799584106821484,0.25479835040360976,46.16203099814615,15194
2019,"Adam Frazier","PIT",106,0.05660377,0.06603774,0.85714286,0.29591837,0.3490566,0.45918367,0.80824027,0.1632653,0.30337079,15.135238595197963,1.7942785992129333,0.33951934008371265,111.71068546976356,15223
2019,"Mike Tauchman","NYY",61,0.09836066,0.32786885,0.3,0.23636364,0.31147541,0.54545455,0.85692996,0.30909091,0.29032258,9.359058690322094,1.681713786972217,0.35183051570517115,120.57219071003746,15274
2019,"Jeff McNeil","NYM",83,0.08433735,0.08433735,1,0.31428571,0.42168675,0.47142857,0.89311532,0.15714286,0.32786885,14.74954823906099,4.303324845978372,0.37991691739470873,145.7520924168656,15362
2019,"Kris Bryant","CHC",121,0.20661157,0.1322314,1.5625,0.31914894,0.47107438,0.61702128,1.08809566,0.29787234,0.33333333,28.788291201994355,13.559459508464272,0.4495762879649798,181.03074344604903,15429
2019,"Ryon Healy","SEA",91,0.06593407,0.24175824,0.27272727,0.22352941,0.27472527,0.37647059,0.65119586,0.15294118,0.27868852,8.098557654398066,-3.3545306440419145,0.27729188216911566,77.26997591059973,15447
2019,"Hunter Renfroe","SDP",79,0.05063291,0.20253165,0.25,0.26666667,0.30379747,0.68,0.98379747,0.41333333,0.22,15.03926053697416,5.096469596570221,0.39456848781320114,149.96432311390836,15464
2019,"Amed Rosario","NYM",92,0.07608696,0.2173913,0.35,0.23529412,0.29347826,0.41176471,0.70524297,0.17647059,0.26229508,9.945973120586956,-1.632973291022694,0.2994031847819038,93.01798628488052,15518
2019,"Tyler White","HOU",62,0.11290323,0.35483871,0.31818182,0.22222222,0.30645161,0.31481481,0.62126642,0.09259259,0.34375,5.378783151952748,-2.424419864566799,0.2746998619648718,74.4762041329827,15564
2019,"Willians Astudillo","MIN",50,0,0.02,0,0.25531915,0.26,0.34042553,0.60042553,0.08510638,0.25,3.3071231563955377,-2.985782502087968,0.250854617357254,49.89709425935175,15608
2019,"Aaron Judge","NYY",60,0.15,0.28333333,0.52941176,0.30612245,0.41666667,0.46938776,0.88605443,0.16326531,0.41935484,10.402608851109715,2.8511220609295096,0.3749093645710056,136.17609055208965,15640
2019,"Billy McKinney","TOR",67,0.05970149,0.19402985,0.30769231,0.16129032,0.21212121,0.32258065,0.53470186,0.16129033,0.17021277,3.052918670361663,-5.379574912006234,0.2270505464438236,36.163816771553506,15654
2019,"Austin Meadows","TBR",99,0.07070707,0.22222222,0.31818182,0.34444444,0.4040404,0.6,1.0040404,0.25555556,0.40322581,20.341824739672997,7.881871535875656,0.41204001670031204,167.6860754078936,15672
2019,"Jose Abreu","CHW",132,0.06818182,0.24242424,0.28125,0.22689076,0.28030303,0.47058824,0.75089127,0.24369748,0.23170732,14.62400445901171,-1.989266479384743,0.30250299206146825,90.84545472605507,15676
2019,"Rowdy Tellez","TOR",87,0.05747126,0.31034483,0.18518519,0.2,0.26436782,0.475,0.73936782,0.275,0.21276596,9.556234794501353,-1.3934210512599452,0.30140845165696256,86.4381312382634,15679
2019,"Aledmys Diaz","HOU",59,0.05084746,0.08474576,0.6,0.33333333,0.3559322,0.51851852,0.87445072,0.18518519,0.32653061,9.479136539153695,2.053507862143159,0.36020169015658104,132.28506501559193,15937
2019,"Clint Frazier","NYY",95,0.05263158,0.30526316,0.17241379,0.24137931,0.29473684,0.4137931,0.70852994,0.17241379,0.30909091,9.954357565928364,-2.002163185190297,0.29555583634275073,82.52417256495822,15983
2019,"Willy Adames","TBR",109,0.0733945,0.32110092,0.22857143,0.18811881,0.24770642,0.23762376,0.48533018,0.04950495,0.28787879,4.099652311178304,-9.618882024315736,0.21784837694343076,36.390666588087214,15986
2019,"Cody Bellinger","LAD",134,0.13432836,0.11940299,1.125,0.39473684,0.47761194,0.74561404,1.22322598,0.3508772,0.37931034,36.601921612375584,19.736934447639793,0.4903310748247,215.53871716422094,15998
2019,"Stevie Wilkerson","BAL",74,0.08108108,0.39189189,0.20689655,0.20895522,0.28378378,0.3880597,0.67184348,0.17910448,0.31428571,7.248507945851744,-2.0649924287038437,0.2876546213755736,73.12556183019164,16041
2019,"J.D. Davis","NYM",62,0.12903226,0.20967742,0.61538462,0.31481481,0.40322581,0.51851852,0.92174433,0.20370371,0.36842105,11.583691897096069,3.7804888805765224,0.3904770958808161,152.66869601959715,16219
2019,"Michael Conforto","NYM",75,0.18666667,0.24,0.77777778,0.29824561,0.45333333,0.63157895,1.08491228,0.33333334,0.34285714,17.304332187840103,7.864973700114844,0.44125232100486755,185.92496204621187,16376
2019,"Jordan Luplow","CLE",56,0.07142857,0.26785714,0.26666667,0.23076923,0.28571429,0.5,0.78571429,0.26923077,0.24242424,7.267458907483333,0.21940456998180763,0.3244695429291044,93.26760010014512,16424
2019,"Ryan O'Hearn","KCR",84,0.13095238,0.19047619,0.6875,0.18055556,0.29761905,0.34722222,0.64484127,0.16666666,0.18867925,7.618001568136432,-2.954079938115858,0.2792531654059169,67.13298214208979,16442
2019,"Rhys Hoskins","PHI",125,0.184,0.272,0.67647059,0.28282828,0.424,0.5959596,1.0199596,0.31313132,0.34482759,26.203759102223863,10.471494956015096,0.41684917948110317,158.35308261995317,16472
2019,"Kyle Schwarber","CHC",109,0.14678899,0.26605505,0.55172414,0.1978022,0.32110092,0.34065934,0.66176026,0.14285714,0.25,9.79320293687167,-3.92533139862237,0.2782760886918931,68.83419515857739,16478
2019,"Matt Chapman","OAK",134,0.12686567,0.14179104,0.89473684,0.30088496,0.39552239,0.66371681,1.0592392,0.36283185,0.26190476,29.349640541575095,12.484653376839303,0.42772026960529497,178.11324804962607,16505
2019,"Isiah Kiner-Falefa","TEX",51,0.07843137,0.33333333,0.23529412,0.19148936,0.25490196,0.27659574,0.5314977,0.08510638,0.3,2.6364239294267247,-3.7823398422264507,0.23414049896539427,22.41151848673343,16512
2019,"Danny Jansen","TOR",66,0.06060606,0.24242424,0.25,0.09836066,0.15151515,0.1147541,0.26626925,0.01639344,0.13043478,-2.7491589810597223,-11.055794450257949,0.12614967515974335,-32.05653072694655,16535
2019,"Ozzie Albies","ATL",136,0.08088235,0.13970588,0.57894737,0.30081301,0.35294118,0.50406504,0.85700622,0.20325203,0.31683168,20.86051167971828,3.7438082886431427,0.351782996263077,114.23342079268525,16556
2019,"Yandy Diaz","TBR",95,0.12631579,0.2,0.63157895,0.3125,0.38947368,0.625,1.01447368,0.3125,0.32758621,19.2855784532058,7.329057702087141,0.4091861812691939,165.7565613973924,16578
2019,"Colin Moran","PIT",86,0.10465116,0.29069767,0.36,0.30263158,0.37209302,0.48684211,0.85893513,0.18421053,0.40816327,13.393274667770593,2.5694769351789644,0.3545011885109402,121.52335169918989,16909
2019,"Gleyber Torres","NYY",127,0.04724409,0.24409449,0.19354839,0.2605042,0.29133858,0.42016807,0.71150665,0.15966387,0.30588235,13.22649307473179,-2.757487297816312,0.2948188072159177,82.02585790712435,16997
2019,"Alex Verdugo","LAD",99,0.08080808,0.08080808,1,0.35632184,0.4040404,0.50574713,0.90978753,0.14942529,0.3625,17.72844233992765,5.268489136130308,0.381501550024206,144.25860723909727,17027
2019,"Grayson Greiner","DET",67,0.07462687,0.25373134,0.29411765,0.14754098,0.20895522,0.2295082,0.43846342,0.08196722,0.18181818,1.1767947586881595,-7.2556988236797375,0.19465642722684945,11.518647015914473,17062
2019,"Ramon Laureano","OAK",128,0.0546875,0.296875,0.18421053,0.24576271,0.296875,0.43220339,0.72907839,0.18644068,0.31578947,14.65434616598495,-1.4554923197328227,0.3067823969759047,96.34563205671978,17128
2019,"Jung Ho Kang","PIT",54,0.09259259,0.25925926,0.35714286,0.14285714,0.22222222,0.36734694,0.58956916,0.2244898,0.125,3.4822042865060885,-3.314133824656097,0.2489374765643367,52.38225230128242,17182
2019,"Yoan Moncada","CHW",122,0.04918033,0.31967213,0.15384615,0.28070175,0.32786885,0.5,0.82786885,0.21929825,0.37681159,18.111796958444604,2.757107151744849,0.3460811249545363,120.30917819511073,17232
2019,"Michael Chavis","BOS",88,0.10227273,0.27272727,0.375,0.2987013,0.38636364,0.49350649,0.87987013,0.19480519,0.375,14.989858138133538,3.914344179202568,0.3713953933496585,124.28496679423712,17321
2019,"Cole Tucker","PIT",52,0.03846154,0.30769231,0.125,0.22,0.25,0.36,0.61,0.14,0.3030303,3.369380015680871,-3.175241869141974,0.24929668622858384,52.61752397411788,17326
2019,"Rafael Devers","BOS",109,0.08256881,0.1559633,0.52941176,0.33333333,0.38888889,0.48484848,0.87373737,0.15151515,0.3875,18.310520485203018,4.591986149708975,0.36867345994878037,122.44463340451965,17350
2019,"Eloy Jimenez","CHW",65,0.06153846,0.26153846,0.23529412,0.27868852,0.32307692,0.3442623,0.66733922,0.06557378,0.38636364,6.570224015100742,-1.6105533409278148,0.2912727585205665,83.25255265395468,17484
2019,"Alex Bregman","HOU",126,0.17460317,0.12698413,1.375,0.29292929,0.41269841,0.52525253,0.93795094,0.23232324,0.28395062,23.609382433227143,7.751260173848709,0.39110447158889167,153.17882402037714,17678
2019,"Kevin Newman","PIT",59,0.08474576,0.08474576,1,0.30769231,0.37288136,0.42307692,0.79595828,0.11538461,0.33333333,8.204171848802217,0.7785431717916795,0.3352025192359398,108.88329588848593,17696
2019,"Christin Stewart","DET",64,0.109375,0.265625,0.41176471,0.25,0.328125,0.42857143,0.75669643,0.17857143,0.33333333,7.725493375010764,-0.32942586784812306,0.31398238738377887,92.19642872286259,17714
2019,"Steven Duggar","SFG",105,0.05714286,0.32380952,0.17647059,0.20618557,0.24761905,0.27835052,0.52596957,0.07216495,0.30769231,4.860750435561715,-8.354351447253645,0.22789147808438256,43.42227176026582,17719
2019,"Richie Martin","BAL",65,0.01538462,0.32307692,0.04761905,0.17741935,0.203125,0.29032258,0.49344758,0.11290323,0.25,1.9674624064025361,-6.213314949626021,0.20935376919806004,20.185371354141157,17736
2019,"Andrew Benintendi","BOS",106,0.11320755,0.27358491,0.4137931,0.24175824,0.34285714,0.42857143,0.77142857,0.18681319,0.3220339,14.39814353564198,1.0571835396569478,0.33147487640380857,97.29420344693065,17901
2019,"David Fletcher","LAA",106,0.08490566,0.06603774,1.28571429,0.34020619,0.39622642,0.4742268,0.87045322,0.13402061,0.34482759,18.146804088596486,4.805844092611454,0.372386782236819,138.62351581589172,17992
2019,"Paul DeJong","STL",130,0.13846154,0.16923077,0.81818182,0.28181818,0.39230769,0.48181818,0.87412587,0.2,0.32941176,22.34031097917883,5.97875626712172,0.37314137770579414,136.97522517272,18015
2019,"Harrison Bader","STL",67,0.11940299,0.28358209,0.42105263,0.1509434,0.31818182,0.26415094,0.58233276,0.11320754,0.21212121,5.079840368276682,-3.352653214091215,0.26204841770231724,64.21263234258703,18030
2019,"Brian Anderson","MIA",125,0.12,0.216,0.55555556,0.24770642,0.344,0.35779817,0.70179817,0.11009175,0.3125,14.680359781030646,-1.0519043651781177,0.31020183181762695,97.96152379389761,18289
2019,"Dansby Swanson","ATL",124,0.08870968,0.16935484,0.52380952,0.23853211,0.2983871,0.44036697,0.73875407,0.20183486,0.23255814,13.835883327065469,-1.7705227059736246,0.30341898135053436,82.55642591738727,18314
2019,"Victor Robles","WSN",104,0.02884615,0.27884615,0.10344828,0.21052632,0.27184466,0.43157895,0.70342361,0.22105263,0.24590164,10.940032402538431,-2.1492113671072595,0.29603004108354886,75.68843533494298,18363
2019,"Ronald Acuna Jr.","ATL",134,0.10447761,0.26119403,0.4,0.26724138,0.35114504,0.43965517,0.79080021,0.17241379,0.34210526,18.426389971778303,1.561402807042509,0.333417041819225,102.204265524044,18401
2019,"Brandon Lowe","TBR",118,0.06779661,0.37288136,0.18181818,0.23853211,0.29661017,0.42201835,0.71862852,0.18348624,0.36065574,13.22638331473071,-1.6248740392903631,0.3040069998320887,94.64359462185965,18882
2019,"Yuli Gurriel","HOU",106,0.00943396,0.13207547,0.07142857,0.26923077,0.27358491,0.42307692,0.69666183,0.15384615,0.29213483,10.489864540978212,-2.85109545500682,0.28882093643242457,84.02364009630962,19198
2019,"Pete Alonso","NYM",94,0.09574468,0.32978723,0.29032258,0.2278481,0.32978723,0.64556962,0.97535685,0.41772152,0.2195122,17.31566281570314,5.485000177754146,0.3874408551987181,150.68004845382106,19251
2019,"Garrett Hampson","COL",50,0.06,0.2,0.3,0.17391304,0.22,0.19565217,0.41565217,0.02173913,0.21621622,0.1252313135001723,-6.167674344983333,0.17723477738244192,-26.324057351417288,19262
2019,"Nick Senzel","CIN",81,0.09876543,0.24691358,0.4,0.27777778,0.34567901,0.5,0.84567901,0.22222222,0.32653061,12.500362336787019,2.305855170043739,0.3528696843135504,112.54547476149929,19293
2019,"Bryan Reynolds","PIT",62,0.09677419,0.14516129,0.66666667,0.375,0.43548387,0.55357143,0.9890553,0.17857143,0.42222222,13.072230206721121,5.269027190201575,0.41825169421011404,163.2780415441529,19326
2019,"Vladimir Guerrero Jr.","TOR",60,0.06666667,0.21666667,0.30769231,0.25,0.3,0.35714286,0.65714286,0.10714286,0.30952381,5.6934829846957955,-1.858003805484411,0.28411298990249634,74.74445212507953,19611
2019,"Fernando Tatis Jr.","SDP",60,0.06666667,0.25,0.26666667,0.28571429,0.33333333,0.48214286,0.81547619,0.19642857,0.35897436,8.691738830102242,1.140252039922035,0.3419221818447113,115.48255464652813,19709
2019,"Juan Soto","WSN",114,0.10526316,0.25438596,0.4137931,0.3,0.37719298,0.53,0.90719298,0.23,0.37313433,20.177626903833012,5.829802002490621,0.3790970842043559,130.09488409653162,20123